Book Id,Title,Author,Author l-f,Additional Authors,ISBN,ISBN13,My Rating,Publisher,Binding,Number of Pages,Year Published,Original Publication Year,Date Read,Date Added,Bookshelves,Bookshelves with positions,Exclusive Shelf,My Review,Spoiler,Private Notes,Read Count,Owned Copies
237362962,"Ryder (Lucky River Ranch, #5)",Jessica  Peterson,"Peterson, Jessica",,"=""""","=""""",0,"Peterson Paperbacks, LLC",Kindle Edition,375,2026,2026,,2026/10/06,to-read,to-read (#160),to-read,,,,0,0
230789321,"Duke (Lucky River Ranch, #4)",Jessica  Peterson,"Peterson, Jessica",,"=""""","=""""",0,Peterson Paperbacks,Kindle Edition,418,2025,2025,,2026/10/06,to-read,to-read (#159),to-read,,,,0,0
214037674,"Sawyer (Lucky River Ranch, #3)",Jessica  Peterson,"Peterson, Jessica",,"=""""","=""""",0,"Peterson Paperbacks, LLC",Kindle Edition,362,2025,2025,,2026/10/06,to-read,to-read (#158),to-read,,,,0,0
214037675,"Wyatt (Lucky River Ranch, #2)",Jessica  Peterson,"Peterson, Jessica",,"=""""","=""""",0,,Kindle Edition,362,2024,2024,,2026/10/06,to-read,to-read (#157),to-read,,,,0,0
255161295,Un corazón indomable,Paisley Hope,"Hope, Paisley",Andrea Arroyo Valverde,"=""8419702927""","=""9788419702920""",0,Chic,Paperback,384,2026,2024,,2026/10/05,currently-reading,currently-reading (#1),currently-reading,,,,1,0
219140629,Todo lo que quiero eres tú,Violeta Reed,"Reed, Violeta",,"=""842536857X""","=""9788425368578""",5.0,GRIJALBO,Kindle Edition,542,2024,,2024/12/29,2025/07/13,,,read,,,,1,0
215030656,"Oscar (Clan Z, #4)",Jess G.R.,"G.R., Jess",,"=""""","=""""",5.0,,Kindle Edition,370,2024,,2024/09/28,2025/07/13,,,read,,,,1,0
212475101,"Alex (Clan Z, #3)",Jess G.R.,"G.R., Jess",,"=""""","=""""",5.0,,Kindle Edition,386,2024,,2024/07/26,2025/07/13,,,read,,,,1,0
211790878,"Lagos (Clan Z, #2)",Jess G.R.,"G.R., Jess",,"=""""","=""""",4.0,,Kindle Edition,296,2024,,2024/06/08,2025/07/13,,,read,,,,1,0
197306586,"Collide (Off the Ice, #1)",Bal Khabra,"Khabra, Bal",,"=""""","=""""",3.0,,Kindle Edition,395,2023,2023,2025/05/16,2025/07/13,,,read,,,,1,0
218169728,Falso amor (Vancouver Storm #2),Stephanie  Archer,"Archer, Stephanie",María Cárcamo Ramos,"=""840829427X""","=""9788408294276""",4.0,Crossbooks,Paperback,416,2024,2023,2024/11/15,2025/07/13,,,read,,,,1,0
184470846,"Silent Lies (Perfectly Imperfect, #8)",Neva Altaj,"Altaj, Neva",,"=""1961423103""","=""9781961423107""",4.0,Neva Altaj,Kindle Edition,314,2023,2023,2025/01/09,2025/07/13,,,read,,,,1,0
181344829,"Bride (Bride, #1)",Ali Hazelwood,"Hazelwood, Ali",,"=""""","=""""",4.0,Berkley,Kindle Edition,410,2024,2024,2024/04/21,2025/07/13,,,read,,,,1,0
210260740,"Tras el hielo (Vancouver Storm, #1)",Stephanie  Archer,"Archer, Stephanie",María Cárcamo Ramos,"=""840828875X""","=""9788408288756""",5.0,Crossbooks,Paperback,400,2024,2023,2025/07/25,2025/07/13,,,read,,,,1,0
127609209,Corazón en fuera de juego,Nira Strauss,"Strauss, Nira",,"=""8408270591""","=""9788408270591""",5.0,Esencia,Paperback,400,2023,,2023/08/23,2025/07/13,,,read,,,,1,0
123276269,"Burned Dreams (Perfectly Imperfect, #7)",Neva Altaj,"Altaj, Neva",,"=""1961423111""","=""9781961423114""",3.0,Neva Altaj,Kindle Edition,290,2023,2023,2024/10/23,2025/07/13,,,read,,,,1,0
204780247,"Saltan chispas (Maple Hills, #2)",Hannah  Grace,"Grace, Hannah",Julia Viejo Sánchez,"=""8466676929""","=""9788466676922""",5.0,Ediciones B,Paperback,400,2024,2023,2024/05/30,2025/07/13,,,read,,,,1,0
78815295,"Kovalev: Adicto a tu veneno (Entre Mafias, #4)",Rose Gate,"Gate, Rose",,"=""""","=""""",3.0,,Kindle Edition,581,2023,,2024/11/07,2025/07/13,,,read,,,,1,0
75618645,Muñeca rusa,Jess G.R.,"G.R., Jess",,"=""""","=""""",5.0,,Kindle Edition,288,2023,,2024/04/11,2025/07/13,,,read,,,,1,0
209514579,"Zarco (Clan Z, #1)",Jess G.R.,"G.R., Jess",,"=""""","=""""",4.0,,Kindle Edition,273,2024,,2024/05/07,2025/07/13,,,read,,,,1,0
63916515,"Fractured Souls (Perfectly Imperfect, #6)",Neva Altaj,"Altaj, Neva",,"=""1961423197""","=""9781961423190""",5.0,Neva Altaj,Kindle Edition,254,2023,2023,2024/09/23,2025/07/13,,,read,,,,1,0
62671215,Vitale: Lazos de sangre (Entre Mafias #3),Rose Gate,"Gate, Rose",,"=""""","=""""",3.0,,Kindle Edition,543,2022,,2024/10/19,2025/07/13,,,read,,,,1,0
61767292,"Icebreaker (UCMH, #1)",Hannah  Grace,"Grace, Hannah",,"=""""","=""""",3.0,Pig & Bear Publishing,Kindle Edition,447,2022,2022,2024/05/26,2025/07/13,,,read,,,,1,0
61326735,"Love, Theoretically",Ali Hazelwood,"Hazelwood, Ali",,"=""1408725797""","=""9781408725795""",4.0,Sphere,Paperback,389,2023,2023,2023/07/13,2025/07/13,,,read,,,,1,0
61210821,"Stolen Touches (Perfectly Imperfect, #5)",Neva Altaj,"Altaj, Neva",,"=""1961423200""","=""9781961423206""",4.0,Neva Altaj,Kindle Edition,288,2022,2022,2024/09/07,2025/07/13,,,read,,,,1,0
61161170,"Ruined Secrets (Perfectly Imperfect, #4)",Neva Altaj,"Altaj, Neva",,"=""1961423189""","=""9781961423183""",3.0,Neva Altaj,Kindle Edition,277,2022,2022,2024/08/25,2025/07/13,,,read,,,,1,0
61153578,"Hidden Truths (Perfectly Imperfect, #3)",Neva Altaj,"Altaj, Neva",,"=""1961423170""","=""9781961423176""",5.0,Neva Altaj,Kindle Edition,266,2022,2022,2024/08/14,2025/07/13,,,read,,,,1,0
61047552,"Broken Whispers (Perfectly Imperfect, #2)",Neva Altaj,"Altaj, Neva",,"=""1961423162""","=""9781961423169""",5.0,Neva Altaj,Kindle Edition,232,2022,2022,2024/06/14,2025/07/13,,,read,,,,1,0
60881793,"Painted Scars (Perfectly Imperfect, #1)",Neva Altaj,"Altaj, Neva",,"=""1961423030""","=""9781961423039""",4.0,Neva Altaj,Kindle Edition,240,2022,2022,2024/06/01,2025/07/13,,,read,,,,1,0
60554235,"Koroleva: Los villanos también se enamoran (Entre mafias, #1)",Rose Gate,"Gate, Rose",,"=""""","=""""",4.0,,Kindle Edition,481,2022,,2024/10/01,2025/07/13,,,read,,,,1,0
59571699,Love on the Brain,Ali Hazelwood,"Hazelwood, Ali",,"=""1408725789""","=""9781408725788""",5.0,Sphere,Kindle Edition,368,2022,2022,2025/03/05,2025/07/13,,,read,,,,1,0
60055228,"Alexei (Belles & Mobsters, #4)",Eva Winners,"Winners, Eva",,"=""""","=""""",4.0,Winners Publishing LLC,Kindle Edition,364,2022,2022,2023/09/23,2025/07/14,,,read,,,,1,0
59925907,"Cassio (Belles & Mobsters, #3)",Eva Winners,"Winners, Eva",,"=""""","=""""",4.0,Winners Publishing LLC,Kindle Edition,390,2022,2022,2023/11/16,2025/07/14,,,read,,,,1,0
59585212,"Nico (Belles & Mobsters, #2)",Eva Winners,"Winners, Eva",,"=""""","=""""",3.0,Winners Publishing LLC,Kindle Edition,394,2022,2022,2023/02/12,2025/07/14,,,read,,,,1,0
59442556,"Luciano (Belles & Mobsters, #1)",Eva Winners,"Winners, Eva",,"=""""","=""""",4.0,Winners Publishing LLC,Kindle Edition,318,2021,2021,2023/05/24,2025/07/14,,,read,,,,1,0
156507533,La Cueva del Pecado (Bellas & Mafiosos),Eva Winners,"Winners, Eva",,"=""""","=""9798394620652""",3.0,Independently published,Paperback,308,2023,2021,2023/10/25,2025/07/14,,,read,,,,1,0
56732449,The Love Hypothesis,Ali Hazelwood,"Hazelwood, Ali",,"=""0593336828""","=""9780593336823""",5.0,Berkley Books,Paperback,373,2021,2021,2023/06/08,2025/07/13,,,read,,,,1,0
62058385,"Twisted Lies (Twisted, #4)",Ana Huang,"Huang, Ana",,"=""1728274893""","=""9781728274898""",5.0,Bloom Books,Paperback,560,2022,2022,2024/04/02,2025/07/13,,,read,,,,1,0
62056935,"Twisted Hate (Twisted, #3)",Ana Huang,"Huang, Ana",,"=""1728274885""","=""9781728274881""",4.0,Bloom,Paperback,500,2022,2022,2024/03/12,2025/07/13,,,read,,,,1,0
62056013,"Twisted Games (Twisted, #2)",Ana Huang,"Huang, Ana",,"=""1728274877""","=""9781728274874""",5.0,Bloom Books,Paperback,434,2022,2021,2023/10/06,2025/07/13,,,read,,,,1,0
62057697,"Twisted Love (Twisted, #1)",Ana Huang,"Huang, Ana",,"=""1728274869""","=""9781728274867""",4.0,Bloom Books,Paperback,343,2022,2021,2023/11/24,2025/07/13,,,read,,,,1,0
53549073,Princesa de polvo y sangre,Jess G.R.,"G.R., Jess",,"=""""","=""""",3.0,,ebook,211,2020,,2024/09/27,2025/07/14,,,read,,,,1,0
55408822,Descifrando a Cox,Jess G.R.,"G.R., Jess",,"=""""","=""""",4.0,,Kindle Edition,371,2020,,2024/11/15,2025/07/13,,,read,,,,1,0
203276897,El amor pende de un hilo,Lucy Score,"Score, Lucy",Eva Carballeira Díaz,"=""8466676740""","=""9788466676748""",3.0,Ediciones B,Kindle Edition,581,2024,2020,2024/04/08,2025/07/14,,,read,,,,1,0
52871061,"The Predator (Dark Verse, #1)",RuNyx,"RuNyx, RuNyx",,"=""""","=""""",3.0,,Paperback,318,2020,2020,2025/02/20,2025/07/13,,,read,,,,1,0
44284989,"La red púrpura (Elena Blanco, #2)",Carmen Mola,"Mola, Carmen",,"=""8420435570""","=""9788420435572""",3.0,Alfaguara,Paperback,432,2019,2019,2024/03/10,2025/07/13,,,read,,,,1,0
40613322,"The Maddest Obsession (Made, #2)",Danielle Lori,"Lori, Danielle",,"=""""","=""""",4.0,,ebook,333,2019,2019,2024/11/01,2025/07/13,,,read,,,,1,0
39651837,"La novia gitana (Elena Blanco, #1)",Carmen Mola,"Mola, Carmen",,"=""8420433195""","=""9788420433196""",4.0,Alfaguara,Kindle Edition,315,2018,2018,2024/02/27,2025/07/13,,,read,,,,1,0
39083635,"The Sweetest Oblivion (Made, #1)",Danielle Lori,"Lori, Danielle",,"=""1721284443""","=""9781721284443""",4.0,CreateSpace,Paperback,384,2018,2018,2024/09/01,2025/07/13,,,read,,,,1,0
29561669,"Prohibido enamorarse (Kiss me, #1)",Elle Kennedy,"Kennedy, Elle",,"=""8420483893""","=""9788420483894""",5.0,Alfaguara,Paperback,352,2016,2015,2025/02/27,2025/07/13,,,read,,,,1,0
28076638,La voz de Archer,Mia Sheridan,"Sheridan, Mia",,"=""""","=""""",5.0,Phoebe,Paperback,356,2016,2014,2024/06/01,2025/07/14,,,read,,,,1,0
50659468,"A Court of Mist and Fury (A Court of Thorns and Roses, #2)",Sarah J. Maas,"Maas, Sarah J.",,"=""1635575583""","=""9781635575583""",4.0,Bloomsbury Publishing,Paperback,626,2020,2016,2023/04/20,2025/07/13,,,read,,,,1,0
16096824,"A Court of Thorns and Roses (A Court of Thorns and Roses, #1)",Sarah J. Maas,"Maas, Sarah J.",,"=""1619634449""","=""9781619634442""",4.0,Bloomsbury USA Childrens,Hardcover,419,2015,2015,2023/03/15,2025/07/13,,,read,,,,1,0
233961409,"Fallen Rook (Society of Villains, #3)",L.J. Shen,"Shen, L.J.",,"=""139975257X""","=""9781399752572""",0,Hodder & Stoughton,ebook,464,2026,2026,,2026/10/02,to-read,to-read (#156),to-read,,,,0,0
233892871,"Twisted Pawn (Society of Villains, #2)",L.J. Shen,"Shen, L.J.",,"=""""","=""""",0,,Kindle Edition,466,2026,2026,,2026/10/02,to-read,to-read (#155),to-read,,,,0,0
210053828,"Rinkmates (Mates, #1)",Nova Banks,"Banks, Nova",,"=""""","=""""",0,,Kindle Edition,388,2024,,,2026/10/02,to-read,to-read (#154),to-read,,,,0,0
209956804,Bourbon Promises (Bourbon Canyon),Walker Rose,"Rose, Walker",,"=""""","=""""",0,LE Publishing,Kindle Edition,436,2024,,,2026/10/02,to-read,to-read (#153),to-read,,,,0,0
204469608,Bourbon Runaway (Bourbon Canyon),Walker Rose,"Rose, Walker",,"=""""","=""""",0,LE Publishing,Kindle Edition,408,2024,,,2026/10/02,to-read,to-read (#152),to-read,,,,0,0
254253754,Soltar las riendas (El Rancho Wells 4),Bailey Hannah,"Hannah, Bailey",,"=""8425376157""","=""9788425376153""",0,GRIJALBO,Paperback,440,2026,2025,,2026/10/02,to-read,to-read (#151),to-read,,,,0,0
259313817,Petricor : Autumn Leaves (Spanish Edition),Alba Gil Cabrera,"Cabrera, Alba Gil",,"=""""","=""""",0,,Kindle Edition,358,2026,,,2026/10/02,to-read,to-read (#150),to-read,,,,0,0
216734941,"Cash (Lucky River Ranch, #1)",Jessica  Peterson,"Peterson, Jessica",,"=""""","=""""",3.0,,Paperback,423,2024,2024,2026/10/02,2026/03/31,,,read,"Está entretenido, se lee rápido. Una buena lectura mamarracha para desconectar",,,1,0
244447224,"Cross Check (D.C. Stars, #6)",Chelsea Curto,"Curto, Chelsea",,"=""""","=""""",0,,Kindle Edition,778,2026,2026,,2026/09/29,to-read,to-read (#149),to-read,,,,0,0
241107059,"Sin Bin (D.C. Stars, #5)",Chelsea Curto,"Curto, Chelsea",,"=""""","=""""",0,,Kindle Edition,472,2025,2025,,2026/09/29,to-read,to-read (#148),to-read,,,,0,0
196788869,"Delightful Sins (North Shore, #3)",Lola King,"King, Lola",,"=""1916837050""","=""9781916837058""",0,King & Hunter,Kindle Edition,531,2023,2023,,2026/09/29,to-read,to-read (#147),to-read,,,,0,0
202195805,"Lawless God (North Shore, #4)",Lola King,"King, Lola",,"=""1916837077""","=""9781916837072""",0,King & Hunter,Kindle Edition,622,2024,2024,,2026/09/29,to-read,to-read (#146),to-read,,,,0,0
197608750,"Heartless Beloved (North Shore, #2)",Lola King,"King, Lola",,"=""191683700X""","=""9781916837003""",0,King & Hunter,Kindle Edition,524,2023,,,2026/09/29,to-read,to-read (#145),to-read,,,,0,0
239008044,"Jugando fuerte (La ciudad de los vientos, #2) (latino)",Liz Tomforde,"Tomforde, Liz","Leonardo Cureño, Mar Aroko, María Dolores Ábalos Vázquez","=""""","=""""",4.0,Penguin Random House Audio,Audible Audio,,2025,2023,2026/09/11,2026/09/03,,,read,,,,1,0
258216774,Los finales perfectos no existen (Spanish Edition),Violeta Reed,"Reed, Violeta",,"=""8425371759""","=""9788425371752""",0,GRIJALBO,Kindle Edition,,2026,,,2026/09/28,to-read,to-read (#144),to-read,,,,0,0
252056747,Lupara Bianca,Jess G.R.,"G.R., Jess",,"=""""","=""9791387809393""",4.0,Montena,Paperback,592,2026,,2026/09/28,2026/08/28,,,read,"4'75 ⭐<br/><br/>Los mafias de Jess siempre son top!! Giros de trama, un mundo mafioso super bien explicado... <br/>Sin embargo la parte romántica no me ha terminado de gustar tanto. Creo que por el tipo de relación que tienen de carácter tan fuerte, pero bueno ellos se entienden 😂",,,1,0
256261610,Desafiando la tormenta,Elliot Rose,"Rose, Elliot",,"=""""","=""9791387601812""",0,VERA,Paperback,448,2026,,,2026/09/27,to-read,to-read (#143),to-read,,,,0,0
251504544,"Sanguinaria (El Corazón, #1)",H.M.  Wolfe,"Wolfe, H.M.",,"=""8401040930""","=""9788401040931""",0,PLAZA & JANÉS,Kindle Edition,673,2026,2025,,2026/09/23,to-read,to-read (#142),to-read,,,,0,0
246116012,"Brit (Límites Prohibidos, #2)",Alba Gil Cabrera,"Cabrera, Alba Gil",,"=""""","=""""",3.0,,Kindle Edition,,2026,,2026/09/23,2026/09/17,,,read,3'5 ⭐<br/><br/>Es la continuación de Sean. Me quedo con el primer libro aunque este me hizo llorar a mares,,,1,0
244606292,"Sean (Límites prohibidos, #1)",Alba Gil Cabrera,"Cabrera, Alba Gil",,"=""""","=""""",4.0,,Kindle Edition,493,2025,,2026/09/21,2026/09/17,,,read,Primer libro que leo de la autora y qué guay!! Ya he empezado el segundo 🤭,,,1,0
255577622,Josh (Límites Prohibidos nº 3) (Spanish Edition),Alba Gil Cabrera,"Cabrera, Alba Gil",,"=""""","=""""",0,,Kindle Edition,448,2026,,,2026/09/17,to-read,to-read (#141),to-read,,,,0,0
254989004,"Marcando las normas (Wild Warriors, #2)",Yanira Garcia,"Garcia, Yanira",,"=""""","=""""",4.0,,Kindle Edition,430,2026,,2026/09/16,2026/07/16,,,read,4'5 ⭐<br/><br/>Un libro muy gracioso y entretenido. Me encanta la dinámica que tiene los personajes.,,,1,0
244218567,Juego de dos,Ali Hazelwood,"Hazelwood, Ali",Nerea Gilabert Giménez,"=""""","=""9791387810450""",4.0,Contraluz,Paperback,192,2026,2024,2026/09/13,2026/06/22,,,read,POR QUÉ ES TAN CORTOOO????,,,1,0
252170559,Llueva o truene / In Stormy Weather (Spanish Edition),Chelsea Curto,"Curto, Chelsea",Eva Carballeira Díaz,"=""8425371392""","=""9788425371394""",0,Grijalbo,Paperback,416,2027,2026,,2026/09/01,to-read,to-read (#140),to-read,,,,0,0
250630956,"Bajo control (D. C. Stars, #2)",Chelsea Curto,"Curto, Chelsea","Ana Isabel Domínguez Palomo, María del Mar Rodríguez Barrena","=""8425373433""","=""9788425373435""",4.0,Grijalbo,Paperback,448,2026,2024,2026/08/31,2026/08/27,,,read,Son monísimos!,,,1,0
255189658,"Ayer (Arpías, #1)",Jess G.R.,"G.R., Jess","Anny Peterson, Noelia Frutos, Rachel R.P.","=""""","=""""",3.0,,Kindle Edition,327,2026,,2026/08/27,2026/08/02,,,read,"3'75⭐<br/><br/>Pues no me esperaba para nada la trama de esta serie jajajja<br/>A ratos molesta porque no entendía nada, a otros, intrigada.<br/>Buen inicio de saga aunque el romance... Bueno. <br/>¡Vamos a por el segundo!",,,1,0
233076642,"Su Julieta (Imperio de realeza, #2)",Emilia  Rossi,"Rossi, Emilia",,"=""""","=""""",0,,Kindle Edition,476,2025,2025,,2026/08/26,to-read,to-read (#139),to-read,,,,0,0
231969093,"Un amor de verano complicado (No es amor, #2)",Ali Hazelwood,"Hazelwood, Ali",Nerea Gilabert Giménez,"=""8419822930""","=""9788419822932""",4.0,Contraluz,Paperback,512,2025,2025,,2026/08/10,,,read,"4'5 ⭐<br/>Todo lo que escribe esta señora me encanta.<br/>Es un libro divertido, muy gracioso pero a la vez serio y profundo donde refleja que la diferencia de edad no tiene por qué ser un impedimento pero sí tiene un gran impacto.",,,2,0
198853583,"Unsteady (The Undone, #1)",Peyton Corinne,"Corinne, Peyton",,"=""""","=""""",4.0,,Kindle Edition,384,2023,2023,2026/08/07,2026/03/15,,,read,,,,1,0
252730137,"Obsession (Almas Letales, #2)",Mila García García,"García, Mila García",,"=""8466684816""","=""9788466684811""",0,Ediciones B,Kindle Edition,363,2026,,,2026/08/03,to-read,to-read (#138),to-read,,,,0,0
256137748,"Nunca (Arpías, #4)",Jess GR,"GR, Jess","Anny Peterson, Rachel RP, Noelia Frutos","=""""","=""""",0,,Kindle Edition,418,2026,,,2026/08/02,to-read,to-read (#137),to-read,,,,0,0
255840301,Mañana (Arpías #3),Jess G.R.,"G.R., Jess","Anny Peterson, Rachel R.P., Noelia Frutos","=""""","=""""",0,,Kindle Edition,366,2026,,,2026/08/02,to-read,to-read (#136),to-read,,,,0,0
255530876,"Hoy (Arpías, #2)",Jess G.R.,"G.R., Jess","Anny Peterson, Rachel R.P., Noelia Frutos","=""""","=""""",0,,Kindle Edition,365,2026,,,2026/08/02,to-read,to-read (#135),to-read,,,,0,0
53939298,"Supermad (Campus Drivers, #1)",C.S. Quill,"Quill, C.S.",,"=""2755682787""","=""9782755682786""",3.0,Hugo Roman,Paperback,469,2020,2020,2026/07/28,2026/06/17,,,read,"3'5 ⭐<br/><br/>Sentimientos encontrados. <br/>Al inicio no he soportado a Lois, se me ha hecho muy pesada.<br/>Ha faltado mucha comunicación, no entiendo la actitud de Lane.<br/>Para el final ha mejorado, he estado más enganchada. Y el final!",,,1,0
243125074,"Foxx (The Soldiers of Bedlam, #3)",Paisley Hope,"Hope, Paisley",,"=""1464265062""","=""9781464265068""",0,Sourcebooks Casablanca,Paperback,432,2026,2026,,2026/07/21,to-read,to-read (#134),to-read,,,,0,0
244425493,Una farsa sobre hielo,Lynn Painter,"Painter, Lynn",Leire García-Pascual Cuartango,"=""8410239760""","=""9788410239760""",3.0,Puck,Paperback,512,2026,2025,2026/07/20,2026/02/02,,,read,,,,1,0
251854316,Ganar al límite,Elsie Silver,"Silver, Elsie",,"=""""","=""9791387787653""",3.0,Ediciones Pàmies,Kindle Edition,327,2026,2021,2026/07/16,2026/07/08,,,read,,,,1,0
237293691,Honor (Sky Ridge Hotshots #3),Danielle  Baker,"Baker, Danielle",,"=""1638934355""","=""9781638934356""",0,Slowburn,Paperback,368,2026,2026,,2026/07/15,to-read,to-read (#133),to-read,,,,0,0
252292145,"Endless Promises (Harmony Hills, #2)",Lisina Coney,"Coney, Lisina",,"=""""","=""""",0,,Kindle Edition,,2026,,,2026/07/11,to-read,to-read (#132),to-read,,,,0,0
59010421,"The Lies We Steal (The Hollow Boys, #1)",Monty Jay,"Jay, Monty",,"=""""","=""""",4.0,,Kindle Edition,474,2021,2021,2026/07/07,2026/06/12,,,read,"Me ha sorprendido! <br/>Al ser el primer libro de la serie, el romance no tiene mucho protagonismo, destacando así, la ambientación, la presentación de personajes...<br/>No me he enamorado de los protagonistas pero me ha entristecido mucho la historia de Alistair. <br/>Aún asi, me ha gustado mucho! Qué intriga, no podía parar de leer. Tengo muchas ganas de continuar y creo que los libros solo van a mejor.",,,1,0
250738736,Redemption (Spanish Edition),Mila  García,"García, Mila",,"=""846668476X""","=""9788466684767""",0,Ediciones B,Paperback,320,2026,,,2026/07/04,to-read,to-read (#131),to-read,,,,0,0
199752832,Bourbon Lullaby (Bourbon Canyon),Walker Rose,"Rose, Walker",,"=""""","=""""",3.0,LE Publishing,Kindle Edition,422,2024,,2026/07/04,2026/05/20,,,read,2'75 ⭐<br/><br/>Pfff lo he disfrutado a ratos. Se me ha hecho pesado; tantas idas y venidas me enfadan. Mucho drama familiar que entiendo que le den bombo pero pf. Lo he terminado porque a ratos estaba metida pero no lo he disfrutado como deseaba,,,1,0
231819031,"Dove (The Soldiers of Bedlam, #2)",Paisley Hope,"Hope, Paisley",,"=""1464265038""","=""9781464265037""",4.0,Sourcebooks Casablanca,Paperback,368,2026,2026,2026/07/02,2025/12/19,,,read,Es todo muy intenso. Me ha gustado más que el primero pero las escenas íntimas siguen siendo demasiado para mi gusto.,,,1,0
219328559,"Wolf.e (The Soldiers of Bedlam, #1)",Paisley Hope,"Hope, Paisley",,"=""""","=""""",3.0,,Kindle Edition,416,2024,2024,2026/02/27,2025/12/19,,,read,"Es la primera vez que leo sobre moteros y me ha encantado. <br/>Me recuerda a la serie de TV SOA, lo tiene todo: chupas de cuero, clubes rivales, la capilla para reuniones, las Harley... es que está súper bien descrita la ambientación.<br/>También destaco la evolución de Brinley.<br/>Él es su oscuridad, y ella su luz. <br/><br/>Lo que me ha echado un poco atrás es la cantidad de escenas spicy que tiene y todas tan explícitas.",,,1,0
244241746,Tempting Venom (Vipers #3),Rina Kent,"Kent, Rina",,"=""1685451608""","=""9781685451608""",0,"Blackthorn Books, LLC",Kindle Edition,577,2026,2026,,2026/07/02,to-read,to-read (#130),to-read,,,,0,0
36165284,"Cariño, cuánto te odio",Sally  Thorne,"Thorne, Sally",,"=""8467050713""","=""9788467050714""",0,Espasa,Kindle Edition,416,2017,2016,,2026/06/27,to-read,to-read (#129),to-read,,,,0,0
223973671,Chicas como tú para tipos como yo,Yanira Garcia,"Garcia, Yanira",,"=""""","=""""",0,,Kindle Edition,464,2025,,,2026/06/27,to-read,to-read (#128),to-read,,,,0,0
251980191,"Rompiendo las reglas (Wild Warriors, #1)",Yanira Garcia,"Garcia, Yanira",,"=""""","=""""",4.0,,Kindle Edition,478,2026,,2026/06/26,2026/06/14,,,read,"4'5 ⭐<br/><br/>Divertido, ligero y con mucho corazón.<br/>Te lo lees en 2 días sin darte cuenta y tiene su toque calentón.<br/><br/>Juntos son TODO lo que está bien en una pareja: se cuidan, se retan, se hacen reír y se salvan el uno al otro.",,,1,0
59818980,"Sinners Anonymous (Sinners Anonymous, #1)",Somme Sketcher,"Sketcher, Somme",,"=""""","=""""",3.0,,Kindle Edition,348,2021,2021,2026/03/15,2026/01/29,,,read,Muy bien mafia romance. Me ha gustado la historia. Para mí sorpresa es un slow burn y no tiene mucho spice para ser un mafia. la historia engancha bastante es muy rapidito de leer.,,,1,0
252221550,"Domar a un cowboy (Silver Pines, #1)",Paisley Hope,"Hope, Paisley",Andrea Arroyo Valverde,"=""8419702919""","=""9788419702913""",3.0,Chic Editorial,Kindle Edition,413,2026,2024,2026/06/21,2026/06/09,,,read,3'5 ⭐,,,1,0
239434332,"Chasing the Fire (Silver Pines Ranch, #5)",Paisley Hope,"Hope, Paisley",,"=""""","=""9798217094127""",0,Dell,Kindle Edition,405,2026,2026,,2026/06/18,to-read,to-read (#127),to-read,,,,0,0
228919814,"Freeing the Wild (Silver Pines Ranch, #4)",Paisley Hope,"Hope, Paisley",,"=""""","=""9798217094103""",0,Dell,Kindle Edition,399,2025,2025,,2026/06/18,to-read,to-read (#126),to-read,,,,0,0
217245590,"Riding the High (Silver Pines Ranch, #3)",Paisley Hope,"Hope, Paisley",,"=""0593982452""","=""9780593982457""",0,Dell,Paperback,432,2025,2025,,2026/06/18,to-read,to-read (#125),to-read,,,,0,0
217005832,"Training the Heart (Silver Pines Ranch, #2)",Paisley Hope,"Hope, Paisley",,"=""0593977122""","=""9780593977125""",0,Dell,Paperback,448,2024,2024,,2026/06/18,to-read,to-read (#124),to-read,,,,0,0
249513502,Ilusiones frágiles,Lisina Coney,"Coney, Lisina",Lorena Castell García,"=""8410989786""","=""9788410989788""",4.0,RBA Libros,Paperback,352,2026,,2026/06/17,2026/06/11,,,read,El libro es precioso.<br/>Ha habido unos momentos que la lagrimilla ha caído,,,1,0
251886033,Unbound: Un verso pendiente,Peyton Corinne,"Corinne, Peyton",Mariona Gasto,"=""8410989913""","=""9788410989917""",0,RBA Libros,Paperback,552,2026,2026,,2026/06/17,to-read,to-read (#123),to-read,,,,0,0
198273875,"Ganar a toda costa (Gold Rush Ranch, #1)",Elsie Silver,"Silver, Elsie",,"=""8419301884""","=""9788419301888""",3.0,Pàmies,Paperback,316,2023,2021,2026/06/14,2026/06/12,,,read,"Es el primer libro de la serie y de los primeros de la autora, y eso se nota. <br/>Aunque me ha resultado rapida la historia y que le ha faltado algo, ha sido muy disfrutón.",,,1,0
236544245,"Mariposa (Queens Command, #1)",Lexie Axelson,"Axelson, Lexie",,"=""""","=""""",0,,Kindle Edition,414,2025,2025,,2026/02/26,to-read,to-read (#122),to-read,,,,1,0
126835939,"The Oath We Give (Hollow Boys, #5)",Monty Jay,"Jay, Monty",,"=""""","=""""",0,,Kindle Edition,429,2023,2023,,2026/06/12,to-read,to-read (#121),to-read,,,,0,0
123018867,"The Blood We Crave: Part Two (The Hollow Boys, #4)",Monty Jay,"Jay, Monty",,"=""""","=""""",0,,Kindle Edition,333,2023,,,2026/06/12,to-read,to-read (#120),to-read,,,,0,0
66089602,"The Blood We Crave: Part One (The Hollow Boys, #3)",Monty Jay,"Jay, Monty",,"=""""","=""""",0,,Kindle Edition,349,2022,,,2026/06/12,to-read,to-read (#119),to-read,,,,0,0
60066321,"The Truths We Burn (The Hollow Boys, #2)",Monty Jay,"Jay, Monty",,"=""""","=""""",0,,Kindle Edition,473,2022,2022,,2026/06/12,to-read,to-read (#118),to-read,,,,0,0
116536542,"Things We Left Behind (Knockemout, #3)",Lucy Score,"Score, Lucy",,"=""""","=""9798886439298""",0,That's What She Said Publishing,Kindle Edition,698,2023,2023,,2026/06/12,to-read,to-read (#117),to-read,,,,0,0
62022434,"Things We Hide from the Light (Knockemout, #2)",Lucy Score,"Score, Lucy",,"=""""","=""9798886439045""",0,That's What She Said Publishing,Kindle Edition,594,2023,2023,,2026/06/12,to-read,to-read (#116),to-read,,,,0,0
62895003,"Cosas que nunca dejamos atrás (Knockemout, #1)",Lucy Score,"Score, Lucy","Cristina Riera Carro, Eva García Salcedo","=""8417972900""","=""9788417972905""",0,Chic,Paperback,528,2023,2022,,2026/06/12,to-read,to-read (#115),to-read,,,,0,0
61196998,"Farsa de amor a la española (Farsa de amor a la española, #1)",Elena  Armas,"Armas, Elena",,"=""8412477081""","=""9788412477085""",4.0,VR Europa,Paperback,504,2022,2021,2026/06/10,2026/06/08,,,read,"4'25 ⭐<br/><br/>Aaron como puedes ser así????? Que emotivo, sentimental, romántico, divertido... Maravilloso",,,1,0
230897009,"Fever Dream (Emerald Lake, #1)",Elsie Silver,"Silver, Elsie",,"=""""","=""""",0,,Paperback,448,2026,2026,,2026/06/09,to-read,to-read (#114),to-read,,,,0,0
195645746,"Wild Love (Rose Hill, #1)",Elsie Silver,"Silver, Elsie",,"=""1464220816""","=""9781464220814""",5.0,Bloom Books,Paperback,455,2024,2024,2026/06/07,2026/06/06,,,read,4'75 ⭐<br/><br/>Me ha encantado! Lo he devorado en dos días. <br/>Que risas con estos dos. Rosie super divertida y Ford exquisito un 10.,,,1,0
213779197,"Face Off (D.C. Stars, #1)",Chelsea Curto,"Curto, Chelsea",,"=""""","=""""",4.0,Amazon Digital Services,Kindle Edition,450,2024,2024,2026/06/06,2025/08/31,,,read,,,,1,0
230392046,Amor por encargo,Raquel Arbeteta García,"García, Raquel Arbeteta",El Chico Llama,"=""8419621757""","=""9788419621757""",3.0,TBR,Paperback,448,2025,,2026/06/02,2025/12/30,,,read,,,,1,0
249228053,"Emperador de la ira (Memento Mori, #1)",Jagger Cole,"Cole, Jagger",Laura Feijóo Sánchez,"=""8415955391""","=""9788415955399""",4.0,Sombras,Paperback,352,2026,,2026/05/27,2026/05/03,,,read,Gratamente sorprendida. Es la primera vez que leo a Jagger y me ha gustado mucho. Muy bien mafia romance con su buen mafia y su buen mamarracheo.,,,1,0
249758434,Stay: Quieto,Elle Kennedy,"Kennedy, Elle","Sarina Bowen, Patricia Mata","=""8410425734""","=""9788410425736""",3.0,Wonderbooks,Kindle Edition,347,2026,2017,2026/05/22,2026/04/06,,,read,"Perfecto para una lectura ligera, mamarracha y necesaria después de un libro que te deja echa pedazos",,,1,0
215999522,"God of War (Legacy of Gods, #6)",Rina Kent,"Kent, Rina",,"=""1464237417""","=""9781464237416""",5.0,Bloom Books,Paperback,592,2025,2024,2026/05/19,2025/11/09,,,read,"Dios mío, se ha convertido en mi libro favorito de la serie????<br/>Estoy sin palabras. No podía haber mejor cierre de serie. Me siento vacía.<br/><br/>""Es una rosa hermosa con una energía fascinante que intoxica a las moscas que la rodean, pero como todas las rosas, su tallo está lleno de espinas. Y soy yo. Yo soy las espinas.""",,,1,0
123352788,"Beautiful Fiend (North Shore, #1)",Lola King,"King, Lola",,"=""1916837026""","=""9781916837027""",0,King & Hunter,Kindle Edition,492,2023,2023,,2026/05/18,to-read,to-read (#113),to-read,,,,0,0
237293683,"Protect (Sky Ridge Hotshots, #2)",Paisley Hope,"Hope, Paisley",,"=""1638934339""","=""9781638934332""",3.0,Slowburn,Paperback,416,2025,2025,2026/05/16,2025/12/17,,,read,3'75 ⭐<br/><br/>Rowan es un SI.,,,1,0
241097859,Fuego (Bomberos de Sky Ridge #1),Sloane St. James,"James, Sloane St.",Verónica García Pérez,"=""8408310305""","=""9788408310303""",3.0,Crossbooks,Paperback,416,2025,,2025/12/06,2025/09/14,,,read,3⭐<br/><br/>Entrenido y con marraneo. Es muy instant love y eso me ha echado un poco para atrás,,,1,0
206285401,"Salir a ganar (Gold Rush Ranch, #1.5)",Elsie Silver,"Silver, Elsie",,"=""""","=""""",0,Ediciones Pàmies,Kindle Edition,111,2023,2021,,2026/05/14,to-read,to-read (#112),to-read,,,,0,0
45484397,"The Deal (Off-Campus, #1)",Elle Kennedy,"Kennedy, Elle",,"=""""","=""""",4.0,Bloom Books,Paperback,360,2015,2015,2026/05/08,2026/05/04,,,read,4'5 ⭐<br/><br/>Me muero de ganas de ver la serie!!!!!,,,1,0
230926478,In Her Own League,Liz Tomforde,"Tomforde, Liz",,"=""""","=""""",5.0,Golden Boy Publishing,Kindle Edition,473,2026,2026,2026/05/04,2025/12/17,,,read,Fin a esta maravillosa serie 🥹❤️‍🩹,,,1,0
248264720,Hopeless: Sin remedio (Chestnut Springs #5),Elsie Silver,"Silver, Elsie",Eva Pérez Muñoz,"=""""","=""9791387810252""",5.0,Contraluz Editorial,Kindle Edition,419,2026,2023,2026/04/21,2026/03/11,,,read,"4'75 ⭐<br/><br/>Me ha encantado, solo digo eso.",,,1,0
246447163,Persiguiendo lo salvaje,Elliott Rose,"Rose, Elliott",,"=""""","=""9791387601898""",3.0,VR Europa,Kindle Edition,434,2026,2024,2026/04/16,2026/04/13,,,read,"2'75/3 ⭐<br/><br/>Ay demasiadas escenas explícitas, largas y muy seguidas. Sabía que había mucho 🌶️ pero a veces dan cringe. <br/>Se centra mucho en eso y no hay desarrollo de la historia no entre los personajes. No hay trama ni chicha.",,,1,0
209773182,"Fragile Sanctuary (Sparrow Falls, #1)",Catherine Cowles,"Cowles, Catherine",,"=""1951936582""","=""9781951936587""",0,The PageSmith LLC,Paperback,366,2024,2025,,2026/04/14,to-read,to-read (#111),to-read,,,,0,0
61980066,"Mil razones para quererte (Mis razones, #2)",Violeta Reed,"Reed, Violeta",,"=""8466673199""","=""9788466673198""",0,Ediciones B,Kindle Edition,597,2022,2022,,2025/12/08,to-read,to-read (#110),to-read,,,,1,0
61224825,Cien razones para odiarte (Mis razones #1),Violeta Reed,"Reed, Violeta",,"=""8466673032""","=""9788466673037""",4.0,Ediciones B,Paperback,474,2022,2022,2026/04/13,2025/12/08,,,read,"Marcos mi nuevo amor literario!!<br/><br/>si no hubiese sido Elena tan insoportable , el libro sería top",,,1,0
249849501,Juega conmigo,Becka Mack,"Mack, Becka",,"=""""","=""9791387601980""",0,VR Europa,Kindle Edition,644,2026,2022,,2026/04/08,to-read,to-read (#109),to-read,,,,0,0
244465136,Maldita fortuna,Myriam M. Lejardi,"Lejardi, Myriam M.",,"=""8408314998""","=""9788408314998""",4.0,Crossbooks,Paperback,648,2026,2026,2026/04/08,2026/03/15,,,read,"4'75 ⭐<br/><br/>¡Que sorpresa! pedazo historia. Tiene muchos giros, muchos personajes y encaja todo perfectamente. <br/>¿Un atraco romántico? Check!!!",,,1,0
213650748,"Wild and Wrangled (Rebel Blue Ranch, #4)",Lyla Sage,"Sage, Lyla",,"=""""","=""""",0,,ebook,368,2025,2025,,2026/04/07,to-read,to-read (#108),to-read,,,,0,0
183526400,El camino a Rhodes,Mariana Zapata,"Zapata, Mariana",Marta de Bru de Sala i Martí,"=""840103356X""","=""9788401033568""",4.0,Plaza & Janés,Paperback,576,2024,2021,2026/04/05,2026/03/19,,,read,"Una historia de amor como la de antes, a fuego lento.",,,1,0
249233517,"Apuñálame por la espalda (Dark Forces, #2)",K.M. Moronova,"Moronova, K.M.",Laura Feijóo Sánchez,"=""8415955405""","=""9788415955405""",0,Sombras,Paperback,384,2026,2025,,2026/04/04,to-read,to-read (#107),to-read,,,,0,0
243077281,"Fuera de juego (Rules of the Game, #1)",Avery Keelan,"Keelan, Avery",Gemma Benavent,"=""8410425432""","=""9788410425439""",2.0,Wonderbooks,Paperback,528,2025,2019,2026/03/09,2025/11/25,,,read,2'5 ⭐<br/><br/>de mitad en adelante se hace muuuuuy pesado. demasiados capítulos de relleno q no aportan nada la verdad,,,1,0
213775782,"God of Fury (Legacy of Gods, #5)",Rina Kent,"Kent, Rina",,"=""1464237409""","=""9781464237409""",4.0,Bloom Books,Paperback,624,2025,2023,2026/03/29,2025/07/13,,,read,4'75 ⭐<br/><br/>Wow! No me esperaba está historia así!! Estoy bastante sorprendida. Es un libro bastante romántico pero con unos temas delicados que se tratan de forma muy auténtica.,,,1,0
229204567,"Hunt the Villain (Villain, #2)",Rina Kent,"Kent, Rina",,"=""1685451578""","=""9781685451578""",0,"Blackthorn Books, LLC",Kindle Edition,546,2026,2026,,2026/03/26,to-read,to-read (#106),to-read,,,,0,0
60909831,"Mile High (Windy City, #1)",Liz Tomforde,"Tomforde, Liz",,"=""""","=""9798446572199""",5.0,Hodder,Paperback,603,2022,2022,2026/03/22,2026/03/16,,,read,"Sigue siendo genial 😭😭😭😭😭. No me cansaré jamás de esta serie. <br/>Me encanta Stevie, me encanta Zanders, me encanta la historia, me encanta todo.",,,1,0
246713065,"Unloved: Un amor para subrayar (The Undone, #2)",Peyton Corinne,"Corinne, Peyton",,"=""8410984733""","=""9788410984738""",0,RBA Libros,Paperback,576,2026,2025,,2026/03/15,to-read,to-read (#105),to-read,,,,0,0
232794931,"The Wild Card (Vancouver Storm, #5)",Stephanie  Archer,"Archer, Stephanie",,"=""""","=""9798217091164""",0,Dell,Paperback,464,2026,2026,,2026/03/15,to-read,to-read (#104),to-read,,,,0,0
243376381,"Quarterback Sneak: Jugada prohibida (Rivales, #3)",Kandi Steiner,"Steiner, Kandi",María Cárcamo Ramos,"=""8408312987""","=""9788408312987""",3.0,Crossbooks,Paperback,352,2026,2022,2026/03/03,2026/01/21,,,read,3'5 ⭐,,,1,0
232477281,"Bad Bishop (Society of Villains, #1)",L.J. Shen,"Shen, L.J.",,"=""1464252041""","=""9781464252044""",0,Bloom Books,Paperback,448,2025,2025,,2026/02/28,to-read,to-read (#103),to-read,,,,0,0
243147761,"Temporada de turistas (Trilogía Masacre, #1)",Brynne Weaver,"Weaver, Brynne",Ana María Navalón Valera,"=""""","=""9791387810320""",0,Contraluz Editorial,Kindle Edition,410,2026,2025,,2026/02/20,to-read,to-read (#102),to-read,,,,0,0
196915235,"Butcher & Blackbird (The Ruinous Love Trilogy, #1)",Brynne Weaver,"Weaver, Brynne",,"=""""","=""""",4.0,Zando,Kindle Edition,355,2023,2023,2026/02/18,2026/02/08,,,read,"Me ha sorprendido mucho. Muy entretenido, ligero y divertido. El toque oscuro que tiene me ha tenido muy enganchada. Y los protagonistas me han encantado.",,,1,0
81341438,"Breakaway (Beyond the Play, #2)",Grace Reilly,"Reilly, Grace",,"=""""","=""""",2.0,,Kindle Edition,422,2023,2022,2026/02/09,2025/07/20,,,read,"2'5/3⭐<br/><br/>Es un libro erótico, todo el rato con lo mismo. Entiendo el motivo pero es que no hay más. No hay trama, todo lo importante e interesante sucede en los últimos 4 capítulos. Muy pesado.",,,1,0
55335036,"De Lukov, Com Amor",Mariana Zapata,"Zapata, Mariana",,"=""6587150063""","=""9786587150062""",0,Editora Charme,Paperback,480,2020,2018,,2026/02/09,to-read,to-read (#101),to-read,,,,0,0
212679887,"Primer down (Los juegos del amor, #1)",Grace Reilly,"Reilly, Grace",,"=""8410159333""","=""9788410159334""",3.0,Titania,Kindle Edition,315,2024,2022,2025/10/12,2025/10/09,,,read,3'75 ⭐,,,1,0
127616032,"Scythe & Sparrow (The Ruinous Love Trilogy, #3)",Brynne Weaver,"Weaver, Brynne",,"=""""","=""""",0,,Hardcover,416,2025,2025,,2026/02/08,to-read,to-read (#100),to-read,,,,0,0
127611580,"Leather & Lark (The Ruinous Love Trilogy, #2)",Brynne Weaver,"Weaver, Brynne",,"=""0349441588""","=""9780349441580""",0,Zando,Paperback,390,2024,2024,,2026/02/08,to-read,to-read (#99),to-read,,,,0,0
203402909,"Wicked Serve (Beyond the Play, #4)",Grace Reilly,"Reilly, Grace",,"=""006338714X""","=""9780063387140""",0,Avon,Paperback,448,2024,2024,,2026/02/08,to-read,to-read (#98),to-read,,,,0,0
245796810,"Aleksei (Líderes de Bratva, #1)",Ana Serca,"Serca, Ana",,"=""""","=""""",4.0,,Kindle Edition,344,2026,,2026/02/08,2026/02/02,,,read,"Necesitaba un buen mafia. Pasión, traición, guerra, fuerza, gran desarrollo de los protagonistas sobre todo de Anastasia. Lo tiene todo y me lo he gozado",,,1,0
236082112,Mi querido gruñón,Alexandra Moody,"Moody, Alexandra","Miriam Lozano Sobrino, Amaya Zorriqueta Ruiz","=""8419982873""","=""9788419982872""",3.0,Alfaguara Juvenil,Paperback,384,2026,2025,2026/02/02,2026/02/01,,,read,"Se me ha quedado flojo por la protagonista femenina... pf un poco insufrible. Sin embargo, Grayson lo ha sido todo, pero no he visto lo gruñón por ningún lado",,,1,0
63254428,"Experimento de amor en Nueva York (Farsa de amor a la española, #2)",Elena  Armas,"Armas, Elena",,"=""8412622448""","=""9788412622447""",0,VR Europa,Paperback,456,2023,2022,,2026/02/02,to-read,to-read (#97),to-read,,,,0,0
123248804,"La letra pequeña (Dreamland Billionaires, #1)",Lauren Asher,"Asher, Lauren",,"=""8427051565""","=""9788427051560""",0,"Mr Ediciones, Planeta de Libros",Paperback,512,2023,2021,,2026/02/01,to-read,to-read (#94),to-read,,,,0,0
61681786,"Final Offer (Dreamland Billionaires, #3)",Lauren Asher,"Asher, Lauren",,"=""172827222X""","=""9781728272221""",0,Bloom Books,Paperback,583,2023,2023,,2026/02/01,to-read,to-read (#96),to-read,,,,0,0
86767939,"Terms and Conditions  (Dreamland Billionaires, #2)",Lauren Asher,"Asher, Lauren",,"=""1737507722""","=""9781737507727""",0,,Kindle Edition,494,2022,2022,,2026/02/01,to-read,to-read (#95),to-read,,,,0,0
210205698,"Good Boy (WAGs, #1)",Elle Kennedy,"Kennedy, Elle",Sarina Bowen,"=""1464227357""","=""9781464227356""",4.0,Bloom Books,Kindle Edition,320,2024,2017,2026/01/31,2025/10/29,,,read,"Justo lo que necesitaba. Entretenido , ligero, con su toque marrano, y muy muy divertido.",,,1,0
244465796,Amor al límite (Dirty Air 2),Lauren Asher,"Asher, Lauren",Ana Robla Vicario,"=""8427054920""","=""9788427054929""",0,Ediciones Martínez Roca,Paperback,504,2026,2020,,2026/01/28,to-read,to-read (#93),to-read,,,,0,0
213243908,"First-Time Caller (Heartstrings, #1)",B.K. Borison,"Borison, B.K.",,"=""0593641191""","=""9780593641194""",0,Berkley,Paperback,422,2025,2025,,2026/01/28,to-read,to-read (#92),to-read,,,,0,0
237809294,Rey de la envidia (Pecados #5),Ana Huang,"Huang, Ana",Mariona Gastó Jiménez,"=""8408308653""","=""9788408308652""",4.0,Crossbooks,Paperback,648,2025,2025,2026/01/26,2025/07/13,,,read,"En mi opinión es el mejor de la serie. Me ha tenido enganchada en muchas ocasiones y el romance ha sido progresivo. Lo que me echa un poco para atrás de la autora en general son los capítulos excesivamente largos, que a veces consiguen que los libros se hagan pesados.",,,1,0
199142862,"Bratva Bride (Bratva, #1)",T.J.  Maguire,"Maguire, T.J.",,"=""""","=""""",0,,Kindle Edition,425,2023,,,2026/01/23,to-read,to-read (#91),to-read,,,,0,0
239188103,"Frozen Heart (Perfectly Imperfect, #12)",Neva Altaj,"Altaj, Neva",,"=""1961423901""","=""9781961423909""",0,Neva Altaj,Kindle Edition,444,2026,2026,,2026/01/19,to-read,to-read (#90),to-read,,,,0,0
230578852,"Echar el lazo (Rebel Blue Ranch, #3)",Lyla Sage,"Sage, Lyla",Lidia González Torres,"=""841039118X""","=""9788410391185""",5.0,Titania,Paperback,320,2025,2024,2026/01/18,2025/07/13,,,read,"Me ha encantado la relación entre los protas, me he reído y me he enamorado de Gus. Pero lo que realmente me ha llenado, y por lo que le doy 5 estrellas, es por la relación de Teddy y su padre. Qué llorera.",,,1,0
238970236,"Alfa (Novia, #2)",Ali Hazelwood,"Hazelwood, Ali",Patricia Sebastián Hernández,"=""8419988790""","=""9788419988799""",5.0,Faeris Editorial,Paperback,480,2025,2025,2026/01/17,2026/01/09,,,read,se ha convertido en mi libro favorito de Ali? puede ser,,,1,0
220237323,"The Defender (Gods of the Game, #2)",Ana Huang,"Huang, Ana",,"=""""","=""""",0,,Kindle Edition,466,2025,2025,,2026/01/14,to-read,to-read (#89),to-read,,,,0,0
242070109,Voluntad de hierro (El Rancho Wells 3),Bailey Hannah,"Hannah, Bailey",Ana Isabel Sánchez Díez,"=""8425360897""","=""9788425360893""",0,GRIJALBO,Paperback,448,2026,2025,,2026/01/09,to-read,to-read (#88),to-read,,,,0,0
222966466,"Cortar el viento (Rebel Blue Ranch, #2)",Lyla Sage,"Sage, Lyla",Lidia González Torres,"=""8410391066""","=""9788410391062""",4.0,Titania,Paperback,288,2025,2024,2026/01/07,2025/07/13,,,read,me ha gustado mucho mucho! van mejorando conforme avanza la serie. Ligero y muy entretenido,,,1,0
239210073,Algo prestado,Vi Keeland,"Keeland, Vi",Andrea Arroyo,"=""8419702773""","=""9788419702777""",0,Chic,Paperback,342,2025,2018,,2026/01/03,to-read,to-read (#87),to-read,,,,0,0
223219040,Solo para siempre,Abby Jimenez,"Jimenez, Abby",,"=""8410442639""","=""9788410442634""",0,Roca,Paperback,400,2025,2024,,2025/12/30,to-read,to-read (#86),to-read,,,,0,0
229888181,"Siempre tuyo (Parte de tu mundo 2): Parte de tu mundo 2 [Part of Your World, Book 2]",Abby Jimenez,"Jimenez, Abby",,"=""""","=""""",0,Penguin Random House Audio,Audible Audio,,2024,2023,,2025/12/30,to-read,to-read (#85),to-read,,,,0,0
196070853,"Parte de tu mundo (Part of Your World, #1)",Abby Jimenez,"Jimenez, Abby",,"=""8419743429""","=""9788419743428""",0,Roca,Paperback,400,2024,2022,,2025/12/30,to-read,to-read (#84),to-read,,,,0,0
239940139,Cuando caiga la nieve,Hannah  Grace,"Grace, Hannah",Marta Cano Carrascosa,"=""8466683704""","=""9788466683708""",4.0,B,Paperback,432,2025,2025,2025/12/22,2025/11/04,,,read,3'75 ⭐<br/><br/>al principio me ha gustado mucho y me ha tenido bastante entretenida.Pero de últimas se me ha hecho un poquito pesado.,,,1,0
220966494,"Heated Rivalry (Game Changers, #2)",Rachel  Reid,"Reid, Rachel",,"=""""","=""""",0,Carina Press,Kindle Edition,372,2023,2019,,2025/12/18,to-read,to-read (#83),to-read,,,,0,0
60170616,La hipótesis del amor,Ali Hazelwood,"Hazelwood, Ali",Ana Isabel Sanchez,"=""8418945184""","=""9788418945182""",5.0,Contraluz,Paperback,487,2022,2021,2025/12/17,2025/12/16,,,read, +5 ⭐<br/>no defrauda!!! lo he disfrutado más que la primera vez que lo leí. justo lo que necesitaba,,,1,0
243908505,Arráncame el corazón,K.M. Moronova,"Moronova, K.M.",Laura Feijóo Sánchez,"=""8415955316""","=""9788415955313""",0,Sombras,Paperback,320,2026,2025,,2025/12/17,to-read,to-read (#82),to-read,,,,0,0
239335378,"Espíritu animal (Maplewood, #2)",Adriana Criado,"Criado, Adriana",,"=""8410391236""","=""9788410391239""",0,Titania,Hardcover,352,2025,,,2025/07/29,to-read,to-read (#81),to-read,,,,1,0
238337621,"Voracidad (Al filo de la oscuridad, #2)",Leigh Rivers,"Rivers, Leigh",Celia Martínez Duro,"=""8415955200""","=""9788415955207""",3.0,Sombras,Paperback,352,2025,2023,2025/12/14,2025/11/23,,,read,,,,1,0
243557318,Lo que pasa en el lago,Vi Keeland,"Keeland, Vi",Iris Mogollón,"=""841970251X""","=""9788419702517""",0,Chic,Paperback,342,2025,2024,,2025/12/08,to-read,to-read (#80),to-read,,,,0,0
215856345,Amor a todo gas (Dirty Air #1),Lauren Asher,"Asher, Lauren",Ana Robla Vicario,"=""8427053177""","=""9788427053175""",0,Ediciones Martínez Roca,Paperback,432,2024,2020,,2025/11/26,to-read,to-read (#79),to-read,,,,0,0
233192968,"Insaciable (Al filo de la oscuridad, #1)",Leigh Rivers,"Rivers, Leigh",Celia Martínez Duro,"=""8415955170""","=""9788415955177""",4.0,Sombras,Paperback,384,2025,2023,2025/11/17,2025/07/14,,,read,"4'5 ⭐<br/><br/>Esto es adictivo. Un romance oscuro, con mucha trama y muchos secretos. <br/>No es una historia fácil de leer ni para todo el mundo, pero muy recomendable si te gusta el género.",,,2,0
124928062,"Cruel King (Royal Elite, #0)",Rina Kent,"Kent, Rina",,"=""1685451209""","=""9781685451202""",0,"Blackthorn Books, LLC",Kindle Edition,360,2023,2019,,2025/11/17,to-read,to-read (#78),to-read,,,,0,0
203295198,"Restitution (The Edge of Darkness, #3)",Leigh Rivers,"Rivers, Leigh",,"=""""","=""""",0,,ebook,525,2024,,,2025/11/15,to-read,to-read (#77),to-read,,,,0,0
213775776,"God of Ruin (Legacy of Gods, #4)",Rina Kent,"Kent, Rina",,"=""1464237328""","=""9781464237324""",5.0,Bloom Books,Paperback,528,2025,2023,2025/11/13,2025/07/13,,,read,"la historia es una montaña rusa de emociones con momentos de intensidad y pasión, y otros de profunda tristeza.  Es una historia de amor y redención, de cómo dos personas encuentran la salvación en los brazos del otro. <br/>Los personajes son complejos y están muy bien desarrollados. La química es palpable.<br/>Me han encantado mis dos loquitos.",,,1,0
236082170,"Un otoño en Bramble Falls (Bramble Falls, #1)",Misty  Wilson,"Wilson, Misty",Miriam Lozano Sobrino,"=""8419975974""","=""9788419975973""",0,MONTENA,Paperback,352,2025,2025,,2025/09/02,to-read,to-read (#61),to-read,,,,0,0
239462663,Santo,Sierra Simone,"Simone, Sierra",,"=""6313004787""","=""9786313004782""",0,VR Editoras,Kindle Edition,447,2025,2021,,2025/09/05,to-read,to-read (#63),to-read,,,,0,0
60657094,"Throne of Vengeance (Throne Duet, #2)",Rina Kent,"Kent, Rina",,"=""""","=""""",0,"Blackthorn Books, LLC",Paperback,342,2022,2021,,2025/11/08,to-read,to-read (#76),to-read,,,,0,0
60657093,"Throne of Power (Throne Duet, #1)",Rina Kent,"Kent, Rina",,"=""""","=""""",0,"Blackthorn Books, LLC",Paperback,314,2022,2021,,2025/11/08,to-read,to-read (#75),to-read,,,,0,0
242116399,Un desastre navideño llamado amor,Silvia Madi,"Madi, Silvia",,"=""8410359316""","=""9788410359314""",0,Newton Compton Editores / Duomo ediciones,Kindle Edition,414,2025,,,2025/11/04,to-read,to-read (#74),to-read,,,,0,0
236863340,"Un rollo académico (Love Notes, #1)",Jodi McAlister,"McAlister, Jodi",María Cárcamo,"=""8411329526""","=""9788411329521""",3.0,RBA Libros,Paperback,400,2025,2025,2025/11/02,2025/09/14,,,read,,,,1,0
237964625,Sangre caliente (El rancho Wells #2),Bailey Hannah,"Hannah, Bailey",Ana Isabel Sánchez Díez,"=""8425370523""","=""9788425370526""",4.0,Grijalbo,Paperback,392,2025,2025,2025/10/31,2025/09/25,,,read,,,,1,0
238802105,Si fuera amor,Chloe Santana,"Santana, Chloe",,"=""8410391260""","=""9788410391260""",0,Titania,Paperback,448,2025,,,2025/10/30,to-read,to-read (#73),to-read,,,,0,0
237808949,En las garras del amor,Nira Strauss,"Strauss, Nira",,"=""8408309218""","=""9788408309215""",0,Esencia,Paperback,496,2025,,,2025/10/29,to-read,to-read (#72),to-read,,,,0,0
210126473,"Burnout (Holland Brothers, #1)",Rebecca Jenshak,"Jenshak, Rebecca",,"=""1951815734""","=""9781951815738""",0,Rebecca Jenshak,Paperback,454,2024,2024,,2025/10/28,to-read,to-read (#71),to-read,,,,0,0
240023654,Naturaleza de escorpión,Jess G.R.,"G.R., Jess",,"=""""","=""""",5.0,,Kindle Edition,697,2025,,2025/10/27,2025/09/08,,,read,"No tengo palabras. <br/>Este libro tiene de todo: amor, oscuridad, intriga, fuego, poder...<br/>Tiene escenas duras. Los protas son de carácter fuerte, duro, gris y muy complicados. Están hechos pedazos, cada uno con sus traumas.<br/>La trama es increíble, no me la esperaba para nada. El spicy es..... otro rollo; y la aparición del Clan Z es la guinda del pastel (me he quedado con las ganas de todo el desarrollo en el final) <br/>En resumen este libro es muy adictivo, no para de pasar cosas, solo te deja con ganas de leer. Lo he adorado 🤩",,,1,0
125090463,"Reckless (Chestnut Springs, #4)",Elsie Silver,"Silver, Elsie",,"=""1728297036""","=""9781728297033""",4.0,Bloom Books,Paperback,448,2023,2023,2025/10/21,2025/10/20,,,read,,,,1,0
214949379,Morder el polvo (Rebel Blue Ranch #1),Lyla Sage,"Sage, Lyla",Lidia González Torres,"=""8419131806""","=""9788419131805""",3.0,Titania,Paperback,288,2024,2023,2025/10/19,2025/07/13,,,read,3'5 ⭐,,,1,0
231313747,Mi querido rival,Alexandra Moody,"Moody, Alexandra",,"=""8410489996""","=""9788410489998""",3.0,Alfaguara Juvenil,Paperback,376,2025,2024,2025/10/09,2025/07/14,,,read,,,,1,0
240657998,Intenta conmigo,Becka Mack,"Mack, Becka",,"=""""","=""9791387601201""",3.0,VERA,Paperback,624,2025,2022,2025/10/04,2025/09/03,,,read,"Voy a seguir con la serie porque tengo ganas de ver al resto de personajes. <br/><br/>Este libro empezó super bien. Estaba muy enganchada y me bebía el libro. Pero de mitad en adelante se me ha hecho pesado pesado. En resumen, sobran páginas. Recalcar que en este libro hay mucha comunicación que me parece perfecto, pero es que no pasa na para todas las paginas que hay. <br/>Pasa de engancharte a aburrirte. Llega un punto en que solo están los protas dale que te pego y uf innecesario.",,,1,0
236896738,Déjame atrás,K.M. Moronova,"Moronova, K.M.","Marta Carrascosa Cano, Mónica Campos Pons","=""8415955219""","=""9788415955214""",4.0,Sombras,Paperback,352,2025,2024,2025/10/04,2025/07/21,,,read,"Un enemies to lovers real. Lo mejor del libro son duda es la acción, la ambientación militar. Entras de lleno en el mundo. El libro es muy adictivo. <br/><br/>En cuanto a los personajes, están piraos pero nada del otro mundo. <br/>Si es verdad, que de este libro te quedas con todo menos con el romance. No me he enamorado de ninguno. Aunque sí es verdad que Bunny es una bestia y cómo se hace hueco en un mundo de hombres y lo que ha sufrido y le hacen sufrir.",,,1,0
210387742,Bourbon & Lies (The Bourbon Boys #1),Victoria   Wilder,"Wilder, Victoria",,"=""""","=""""",0,,Kindle Edition,450,2024,2024,,2025/09/25,to-read,to-read (#70),to-read,,,,0,0
236280625,El error vive arriba,Raisa Martin Espinosa,"Espinosa, Raisa Martin",,"=""8408307266""","=""9788408307266""",4.0,Esencia,Paperback,416,2025,,2025/09/23,2025/08/19,,,read,"Me ha gustado mucho, especialmente la primera mitad del libro. No podía parar de leer, estaba súper enganchada a estos dos. Pero de cara al final, los últimos cap, los he notado más flojillos y me ha faltado un poco más de trama, como que se resuelve todo rápido. <br/>Aún así, me ha encantado. Divertido, ligero, y muy bonito.<br/>4 ⭐",,,1,0
240760603,"Marcos (Bestias peligrosas, #2)",Alba Gil Cabrera,"Cabrera, Alba Gil",,"=""""","=""""",0,,Kindle Edition,670,2025,,,2025/09/22,to-read,to-read (#69),to-read,,,,0,0
231185006,"Salvatore (Bestias peligrosas, #1)",Alba Gil Cabrera,"Cabrera, Alba Gil",,"=""""","=""9791370123178""",0,,Kindle Edition,647,2025,,,2025/09/22,to-read,to-read (#68),to-read,,,,0,0
236280717,La luz de todos nuestros otoños,Alejandra Beneyto,"Beneyto, Alejandra",,"=""8408305530""","=""9788408305538""",0,Crossbooks,Paperback,536,2026,,,2025/09/14,to-read,to-read (#67),to-read,,,,0,0
228911426,"Marcado a fuego (El rancho Wells, #1)",Bailey Hannah,"Hannah, Bailey",Ana Isabel Sánchez Díez,"=""842537037X""","=""9788425370373""",3.0,Grijalbo,Paperback,352,2025,2023,2025/09/14,2025/07/14,,,read,"3,75 ⭐",,,1,0
233335485,El lado más oscuro del corazón,Lisina Coney,"Coney, Lisina",Lorena Castell García,"=""841132950X""","=""9788411329507""",4.0,RBA Libros,Paperback,442,2025,,2025/08/04,2025/07/13,,,read,me ha gustado. un buen crecimiento de personajes pero el pasado de Maddie ya era demasiado repetitivo y a veces me ha llegado a cansar,,,1,0
241142317,El lugar más inesperado del amor,Lisina Coney,"Coney, Lisina",,"=""8411329852""","=""9788411329859""",0,RBA Libros,Paperback,520,2025,,,2025/09/08,to-read,to-read (#66),to-read,,,,0,0
151460133,Gente que conocemos en vacaciones,Emily Henry,"Henry, Emily",Anna Valor Blanquer,"=""8408275763""","=""9788408275763""",4.0,Planeta,Paperback,400,2023,2021,2025/09/08,2025/08/31,,,read,"4'5 ⭐<br/>Primer libro que leo de Emily Henry, y me ha encantado. He acabado amando a Poppy y llorando con ella.",,,1,0
234881853,Una vida maravillosa,Emily Henry,"Henry, Emily","María del Mar Rodríguez Barrena, Ana Isabel Domínguez Palomo, María Julia Mancera Priego, Tamara Arteaga Pérez","=""8410391104""","=""9788410391109""",0,Titania,Paperback,384,2025,2025,,2025/09/07,to-read,to-read (#65),to-read,,,,0,0
223194689,Pecador,Sierra Simone,"Simone, Sierra",,"=""""","=""""",0,Euforia,Paperback,,2025,2018,,2025/09/05,to-read,to-read (#64),to-read,,,,0,0
215766309,"Padre: Perdóname porque he pecado (Priest, #1)",Sierra Simone,"Simone, Sierra",,"=""""","=""""",0,VR Europa,Paperback,312,2024,2015,,2025/09/05,to-read,to-read (#62),to-read,,,,0,0
228347196,"Hat Trick (D.C. Stars, #4)",Chelsea Curto,"Curto, Chelsea",,"=""""","=""""",0,,Kindle Edition,506,2025,2025,,2025/08/31,to-read,to-read (#60),to-read,,,,0,0
214295087,"Slap Shot (D.C. Stars, #3)",Chelsea Curto,"Curto, Chelsea",,"=""""","=""""",0,,Kindle Edition,530,2025,2025,,2025/08/31,to-read,to-read (#59),to-read,,,,0,0
199246937,"Spiral (Off the Ice, #2)",Bal Khabra,"Khabra, Bal",,"=""""","=""""",4.0,,Unknown Binding,367,,2025,2025/08/31,2025/07/13,,,read,4'5 ⭐<br/>me ha gustado mucho y más Elías jejej dos personas con una infancia complicada que acaban juntas cumpliendo sus sueños y teniendo todo lo que un día le quitaron,,,1,0
223641012,"Revolve (Off the Ice, #3)",Bal Khabra,"Khabra, Bal",,"=""059381830X""","=""9780593818305""",0,Berkley,Paperback,416,2025,2025,,2025/08/28,to-read,to-read (#58),to-read,,,,0,0
232241922,Cómplices (Vancouver Storm #3),Stephanie  Archer,"Archer, Stephanie",María Cárcamo Ramos,"=""8408305646""","=""9788408305644""",4.0,Crossbooks,Paperback,472,2025,2024,2025/08/28,2025/07/14,,,read,3'75 ⭐,,,1,0
53027547,"The Reaper (Dark Verse, #2)",RuNyx,"RuNyx, RuNyx",,"=""0463895789""","=""9780463895788""",4.0,Smashwords,ebook,420,2020,2020,2025/08/23,2025/07/13,,,read,mucho más entretenido que el Cazador. Lo único que me echa pa atrás de esta serie es que está escrito en tercera persona pero tengo ganas de continuar y ver qué pasa.,,,1,0
53473067,"The Finisher (Dark Verse, #4)",RuNyx,"RuNyx, RuNyx",,"=""""","=""""",0,,Kindle Edition,314,2021,2021,,2025/08/19,to-read,to-read (#57),to-read,,,,0,0
229133932,"Volviendo a empezar (La ciudad de los vientos, #5)",Liz Tomforde,"Tomforde, Liz","Yolanda Casamayor Corderi, Amaya Zorriqueta Ruiz","=""8410396173""","=""9788410396173""",5.0,Montena,Paperback,448,2025,2025,2025/08/18,2025/08/13,,,read,4'75 ⭐<br/><br/>Cierre de una serie espectacular y maravillosa. El final del epílogo 🥹🥹🥹🥹,,,1,0
227800198,"La historia de mi vida (Story Lake, #1)",Lucy Score,"Score, Lucy",Eva Carballeira Díaz,"=""8466680810""","=""9788466680813""",0,Ediciones B,Paperback,576,2025,2025,,2025/08/18,to-read,to-read (#56),to-read,,,,0,0
227800108,Siguiendo el juego (La ciudad de los vientos #4),Liz Tomforde,"Tomforde, Liz",María Dolores Ábalos Vázquez,"=""8410396238""","=""9788410396234""",5.0,Montena,Paperback,416,2025,2024,2025/08/12,2025/07/13,,,read,"Dos días me ha durado, no sé qué hacer ahora con mi vida. <br/>Qué bonito cuando mencionan a la madre, y todo lo bueno que les ha pasado después. <br/>Los hermanos Rhodes se han ganado mi corazoncito ❤️‍🩹",,,1,0
236113474,Mortalmente tuya,Ivy Fairbanks,"Fairbanks, Ivy",,"=""""","=""9791387601416""",0,VR Europa,Kindle Edition,419,2025,2023,,2025/07/15,to-read,to-read (#48),to-read,,,,0,0
212438137,"God of Wrath (Legacy of Gods, #3)",Rina Kent,"Kent, Rina",,"=""1464237263""","=""9781464237263""",4.0,Bloom Books,Paperback,592,2024,2022,2025/08/10,2025/07/13,,,read,"4'5 ⭐<br/><br/>Obsesionada con esta serie. <br/>Es un libro con muy buen desarrollo y crecimiento de personajes. <br/>A su manera (😅), consiguen ser hogar el uno para el otro. <br/>Me ha encantado la historia, la escritura, la ambientación... todo!",,,1,0
75491526,"King of Sloth (Kings of Sin, #4)",Ana Huang,"Huang, Ana",,"=""""","=""""",3.0,,Kindle Edition,466,2024,2024,2025/07/21,2025/07/13,,,read,"3'75⭐ <br/><br/>derretida por Xavier. en algunos momentos me ha parecido muy plano, me hubiese gustado un poco más de chicha con la familia de Sloane.",,,1,0
222050057,"La luz más brillante del cielo (La luz más brillante, #1)",Lisina Coney,"Coney, Lisina",Lorena Castell García,"=""8411329321""","=""9788411329323""",4.0,RBA Libros,Paperback,456,2025,2023,2025/08/02,2025/07/13,,,read,"4'5 ⭐<br/><br/>tenemos un pasado doloroso, un presente algo complicado y, entre todo eso, un amor sano y bonito de los que dejan el corazón calentito.",,,1,0
210193377,"No es amor (No es amor, #1)",Ali Hazelwood,"Hazelwood, Ali",Nerea Gilabert Giménez,"=""8419822124""","=""9788419822123""",4.0,Contraluz,Paperback,488,2024,2024,2025/07/28,2025/07/13,,,read,"al comprarme el libro, la dependienta me dijo: a mí ese no me gustó.<br/>pues me he llevado una gran sorpresa. tiene mucho trasfondo que creo que se ha pasado por alto. Un libro, que como bien dice Ali, tira más a libro erótico, pero tampoco me ha parecido excesivo. Es más, cumple más con las expectativas en ese tema, que Caída Libre.",,,1,0
52867387,Beach Read,Emily Henry,"Henry, Emily",,"=""1984806734""","=""9781984806734""",0,Berkley,Paperback,358,2020,2020,,2025/07/23,to-read,to-read (#55),to-read,,,,0,0
206707597,Book Lovers: Amor entre libros,Emily Henry,"Henry, Emily",Anna Valor Blanquer,"=""8408287001""","=""9788408287001""",0,Editorial Planeta,Paperback,448,2024,2022,,2025/07/23,to-read,to-read (#54),to-read,,,,0,0
125908801,"Stealing Home (Beyond the Play, #3)",Grace Reilly,"Reilly, Grace",,"=""""","=""9798986905167""",0,Moonedge Press,Kindle Edition,426,2023,2023,,2025/07/20,to-read,to-read (#53),to-read,,,,0,0
216403853,Rompiendo el hielo: un amor inesperado,Elle Kennedy,"Kennedy, Elle",María del Carmen Perea Peña,"=""8410628856""","=""9788410628854""",0,"Harlequin Ibérica, S.A.",Paperback,288,2024,2009,,2025/07/20,to-read,to-read (#52),to-read,,,,0,0
224137676,El quarterback que me lio,Moruena Estríngana,"Estríngana, Moruena",,"=""""","=""""",4.0,Ediciones Kiwi,Kindle Edition,259,2025,,2025/07/16,2025/07/14,,,read,,,,1,0
61884968,"The Summer Girl (Avalon Bay, #3)",Elle Kennedy,"Kennedy, Elle",,"=""1250863872""","=""9781250863874""",0,Griffin,Paperback,400,2023,2023,,2025/07/16,to-read,to-read (#51),to-read,,,,0,0
61996177,Una buena chica,Elle Kennedy,"Kennedy, Elle","Tamara Arteaga Pérez, Julia Mancera Priego","=""8418509376""","=""9788418509377""",0,Wonderbooks,Paperback,336,2022,2022,,2025/07/16,to-read,to-read (#50),to-read,,,,0,0
213854736,Mala fama (Avalon Bay #2),Elle Kennedy,"Kennedy, Elle",Eva García,"=""8418509821""","=""9788418509827""",0,Wonderbooks,Paperback,288,2024,2022,,2025/07/16,to-read,to-read (#49),to-read,,,,0,0
212438144,"God of Pain (Legacy of Gods, #2)",Rina Kent,"Kent, Rina",,"=""1464237212""","=""9781464237218""",5.0,Bloom Books,Paperback,528,2024,2022,2025/07/15,2025/07/13,,,read,,,,1,0
194802722,Funny Story,Emily Henry,"Henry, Emily",,"=""""","=""""",0,Berkley,Kindle Edition,395,2024,2024,,2025/07/14,to-read,to-read (#47),to-read,,,,0,0
123414003,"Pucking Wild (Jacksonville Rays, #2)",Emily Rath,"Rath, Emily",,"=""""","=""9798987793381""",0,Emily Rath Books,Kindle Edition,636,2023,2023,,2025/07/14,to-read,to-read (#46),to-read,,,,0,0
123194693,"Pucking Around (Jacksonville Rays, #1)",Emily Rath,"Rath, Emily",,"=""""","=""9798987793312""",0,Emily Rath Books,Kindle Edition,594,2023,2023,,2025/07/14,to-read,to-read (#45),to-read,,,,0,0
199913897,"Unravel Me (Playing for Keeps, #3)",Becka Mack,"Mack, Becka",,"=""1668059223""","=""9781668059227""",0,Simon & Schuster,Paperback,512,2023,2023,,2025/07/14,to-read,to-read (#43),to-read,,,,0,0
208457093,"Fall with Me (Playing for Keeps, #4)",Becka Mack,"Mack, Becka",,"=""""","=""""",0,,Kindle Edition,510,2024,2024,,2025/07/14,to-read,to-read (#44),to-read,,,,0,0
210339815,Aprender a ganar,Elsie Silver,"Silver, Elsie",,"=""8410070146""","=""9788410070141""",0,Ediciones Pàmies,Kindle Edition,339,2024,2022,,2025/07/14,to-read,to-read (#42),to-read,,,,0,0
206285228,Ganar siempre,Elsie Silver,"Silver, Elsie",,"=""8410070049""","=""9788410070042""",0,Ediciones Pàmies,Kindle Edition,312,2024,2021,,2025/07/14,to-read,to-read (#41),to-read,,,,0,0
202118017,"Ganar al límite (Gold Rush Ranch, #2)",Elsie Silver,"Silver, Elsie",,"=""8419301965""","=""9788419301963""",0,Pàmies,Paperback,318,2023,2021,,2025/07/14,to-read,to-read (#40),to-read,,,,0,0
220637398,"Gloves Off (Vancouver Storm, #4)",Stephanie  Archer,"Archer, Stephanie",,"=""""","=""""",0,,Kindle Edition,464,2025,2025,,2025/07/14,to-read,to-read (#39),to-read,,,,0,0
33643772,"Ruckus (Sinners of Saint, #2)",L.J. Shen,"Shen, L.J.",,"=""""","=""""",0,,ebook,369,2017,2017,,2025/07/14,to-read,to-read (#38),to-read,,,,0,0
223250095,El emperador,RuNyx,"RuNyx, RuNyx",Jesús Jimenez Cañadas,"=""8466680845""","=""9788466680844""",0,Ediciones B,Paperback,352,2025,2021,,2025/07/14,to-read,to-read (#37),to-read,,,,0,0
61213727,"Luca (Belles & Mobsters, #7)",Eva Winners,"Winners, Eva",,"=""""","=""""",0,Winners Publishing LLC,Kindle Edition,401,2022,2022,,2025/07/14,to-read,to-read (#36),to-read,,,,0,0
62868586,"Sasha (Belles & Mobsters, #6)",Eva Winners,"Winners, Eva",,"=""""","=""""",0,Winners Publishing LLC,Kindle Edition,384,2022,2022,,2025/07/14,to-read,to-read (#35),to-read,,,,0,0
222992801,Rey de la codicia (Pecados #3),Ana Huang,"Huang, Ana",Mariona Gastó Jiménez,"=""8408299514""","=""9788408299516""",4.0,Crossbooks,Paperback,364,2025,2023,2025/05/26,2025/07/14,,,read,,,,1,0
223458854,"Criaturas despiadadas (Reinas y monstruos, #1)",J.T. Geissinger,"Geissinger, J.T.",María José Losada Rey,"=""841595512X""","=""9788415955122""",3.0,Sombras,Paperback,384,2025,2021,2025/05/08,2025/07/14,,,read,,,,1,0
72256452,"Hooked (Never After, #1)",Emily McIntire,"McIntire, Emily",,"=""1728278341""","=""9781728278346""",3.0,Bloom Books,Paperback,397,2022,2021,2025/02/22,2025/07/13,,,read,,,,1,0
30346446,"Objetivo: tú y yo (Kiss Me, #2)",Elle Kennedy,"Kennedy, Elle",,"=""8420485012""","=""9788420485010""",4.0,Alfaguara,Kindle Edition,412,2016,2015,2025/02/09,2025/07/13,,,read,,,,1,0
62994279,"King of Pride (Kings of Sin, #2)",Ana Huang,"Huang, Ana",,"=""""","=""""",3.0,,Kindle Edition,358,2023,2023,2025/05/22,2025/07/13,,,read,,,,1,0
211200239,"Lights Out (Into Darkness, #1)",Navessa Allen,"Allen, Navessa",,"=""1638932239""","=""9781638932239""",3.0,Slowburn,Paperback,416,2024,2024,2025/03/30,2025/07/13,,,read,,,,1,0
63213257,"Scarred (Never After, #2)",Emily McIntire,"McIntire, Emily",,"=""1728283345""","=""9781728283340""",3.0,Bloom Books,Paperback,416,2022,2022,2025/03/06,2025/07/13,,,read,,,,1,0
30839185,"Vicious (Sinners of Saint, #1)",L.J. Shen,"Shen, L.J.",,"=""""","=""""",4.0,L.J. Shen,Kindle Edition,339,2016,2016,2025/03/26,2025/07/13,,,read,,,,1,0
60601111,"Wretched (Never After, #3)",Emily McIntire,"McIntire, Emily",,"=""""","=""9798985138054""",3.0,,Kindle Edition,282,2022,2022,2025/06/29,2025/07/13,,,read,,,,1,0
56807265,"Amor inesperado: (Serie Love Me, #2)",Elle Kennedy,"Kennedy, Elle",Sasha Pradkhan,"=""8418509139""","=""9788418509131""",5.0,Wonderbooks,Kindle Edition,421,2021,2019,2025/06/24,2025/07/13,,,read,,,,1,0
56088481,"Amor prohibido (Love Me, #1)",Elle Kennedy,"Kennedy, Elle",Sasha Pradkhan,"=""""","=""""",4.0,Wonderbooks,Kindle Edition,368,2020,2018,2025/06/23,2025/07/13,,,read,,,,1,0
60538531,"Amor imposible (Love Me, #4)",Elle Kennedy,"Kennedy, Elle","Tamara Arteaga, Yuliss M. Priego","=""8418509325""","=""9788418509322""",4.0,wonderbooks,Kindle Edition,409,2022,2020,2025/07/08,2025/07/13,,,read,,,,1,0
59574174,Amor irresistible (Love Me #3),Elle Kennedy,"Kennedy, Elle",,"=""8418509236""","=""9788418509230""",4.0,Wonderbooks,Kindle Edition,500,2021,2019,2025/07/06,2025/07/13,,,read,,,,1,0
30174541,"Inmune a ti (Kiss Me, #3)",Elle Kennedy,"Kennedy, Elle",Lluvia Rojo,"=""""","=""9788420483443""",4.0,Alfaguara,Paperback,304,2016,2016,2025/02/25,2025/07/13,,,read,,,,1,0
212808709,Deep End,Ali Hazelwood,"Hazelwood, Ali",,"=""""","=""""",4.0,Berkley,Kindle Edition,464,2025,2025,2025/04/17,2025/07/13,,,read,,,,1,0
223027486,"Beni (Clan Z, #5)",Jess G.R.,"G.R., Jess",,"=""""","=""""",5.0,,Kindle Edition,614,2025,,2025/01/21,2025/07/13,,,read,,,,1,0
195161391,"""Yo también"" no es te quiero (Quererte, #1)",Violeta Reed,"Reed, Violeta",,"=""8425365740""","=""9788425365744""",5.0,Grijalbo ,Kindle Edition,597,2023,2023,2025/05/31,2025/07/13,,,read,,,,1,0
209344670,"Quizá sí quiero (Quererte, #2)",Violeta Reed,"Reed, Violeta",,"=""842536762X""","=""9788425367625""",4.0,Grijalbo,Paperback,464,2024,,2025/05/31,2025/07/13,,,read,,,,1,0
62585891,"Raphael (Belles & Mobsters, #5)",Eva Winners,"Winners, Eva",,"=""""","=""9798848415070""",3.0,Independently published,Paperback,476,2022,2022,2025/02/19,2025/07/14,,,read,,,,1,0
84943172,"The Right Move (Windy City, #2)",Liz Tomforde,"Tomforde, Liz",,"=""""","=""""",4.0,Golden Boy Publishing LLC,Kindle Edition,499,2023,2023,2025/02/24,2025/07/13,,,read,,,,1,0
199335111,"Caught Up (Windy City, #3)",Liz Tomforde,"Tomforde, Liz",,"=""139972858X""","=""9781399728584""",5.0,Hodder & Stoughton,Kindle Edition,408,2023,2023,2025/03/17,2025/07/13,,,read,,,,1,0
230151176,Rey de Nueva York (Hermanos Knight nº 1) (Spanish Edition),Becca Devereux,"Devereux, Becca",,"=""""","=""""",3.0,,Kindle Edition,611,2025,,2025/06/13,2025/07/14,,,read,,,,1,0
232182035,Si es perfecto no es amor,Violeta Reed,"Reed, Violeta",,"=""8425370450""","=""9788425370458""",5.0,GRIJALBO,Kindle Edition,518,2025,,2025/06/20,2025/07/13,,,read,,,,1,0
84892045,"Heartless (Chestnut Springs, #2)",Elsie Silver,"Silver, Elsie",,"=""0349437696""","=""9780349437699""",5.0,Piatkus,Kindle Edition,462,2023,2022,2025/04/09,2025/07/13,,,read,,,,1,0
108514520,"Flawless (Chestnut Springs, #1)",Elsie Silver,"Silver, Elsie",,"=""0349437661""","=""9780349437668""",4.0,Piatkus,Kindle Edition,416,2023,2022,2025/04/06,2025/07/13,,,read,,,,1,0
217206738,"King of Wrath (Kings of Sin, #1)",Ana Huang,"Huang, Ana",,"=""""","=""""",4.0,,Kindle Edition,398,2022,2022,2025/02/25,2025/07/13,,,read,,,,1,0
230817972,The Striker: Los opuestos se atraen (Dioses del juego #1),Ana Huang,"Huang, Ana",,"=""607392495X""","=""9786073924955""",4.0,Planeta Publishing,Paperback,656,2025,2024,2025/05/15,2025/07/13,,,read,,,,1,0
127305713,"Heartless Hunter (The Crimson Moth, #1)",Kristen Ciccarelli,"Ciccarelli, Kristen",,"=""1250866901""","=""9781250866905""",4.0,Wednesday Books,Hardcover,406,2024,2024,2025/06/08,2025/07/13,,,read,,,,1,0
195945002,"Ira (Kapital Sin, #1)",Rose Gate,"Gate, Rose",,"=""""","=""""",3.0,,Kindle Edition,676,2023,,2025/02/13,2025/07/13,,,read,,,,1,0
216146415,"En las nubes (Maple Hills, #3)",Hannah  Grace,"Grace, Hannah",Anna Valor Blanquer,"=""8466679359""","=""9788466679350""",4.0,Ediciones B,Paperback,464,2024,2024,2025/01/30,2025/07/13,,,read,,,,1,0
45277605,"Xánder 2: Incluso un alma herida puede aprender a amar (Serie Speed, #2)",Rose Gate,"Gate, Rose",,"=""""","=""""",2.0,,Kindle Edition,436,2019,,2025/04/16,2025/07/13,,,read,,,,1,0
44551499,"Xánder: En la noche más oscura, siempre brilla una estrella (Serie Speed, #1)",Rose Gate,"Gate, Rose",,"=""""","=""""",2.0,,Kindle Edition,481,2019,,2025/04/14,2025/07/13,,,read,,,,1,0
221609290,"Estúpido Cupido: Voy a volarte todas las flechas (Cupido, #4)",Rose Gate,"Gate, Rose",Colección Mil Amores Colección Mil Amores,"=""8419941891""","=""9788419941893""",4.0,Colección Mil Amores,Kindle Edition,363,2025,,2025/03/28,2025/07/13,,,read,,,,1,0
209685756,"Beautiful Beast (Perfectly Imperfect: Mafia Legacy, #1)",Neva Altaj,"Altaj, Neva",,"=""1961423405""","=""9781961423404""",5.0,Neva Altaj,Kindle Edition,334,2024,2024,2025/03/23,2025/07/13,,,read,,,,1,0
222992754,"Blind Side: Amor en juego (Rivales, #2)",Kandi Steiner,"Steiner, Kandi",Marta Carrascosa Cano,"=""8408300350""","=""9788408300359""",4.0,Crossbooks,Paperback,400,2025,2022,2025/05/09,2025/07/13,,,read,,,,1,0
221553651,Su tesoro (Imperio de realeza #1),Emilia  Rossi,"Rossi, Emilia",,"=""""","=""""",3.0,,Kindle Edition,436,2025,2024,2025/01/16,2025/07/13,,,read,,,,1,0
214506328,Igualando el marcador,Nira Strauss,"Strauss, Nira",,"=""8408291025""","=""9788408291022""",4.0,Esencia,Paperback,424,2024,,2025/01/10,2025/07/13,,,read,,,,1,0
195427537,Hate Mail,Donna  Marchetti,"Marchetti, Donna",,"=""""","=""""",2.0,One More Chapter,Kindle Edition,382,2024,2024,2025/01/06,2025/07/13,,,read,,,,1,0
218169371,Turno de noche,Annie Crown,"Crown, Annie",María Cárcamo Ramos,"=""8408294288""","=""9788408294283""",1.0,Crossbooks,Paperback,304,2024,2023,2025/03/26,2025/07/13,,,read,,,,1,0
213654433,End game,Cristina Prada,"Prada, Cristina",,"=""8408291629""","=""9788408291626""",5.0,Esencia,Kindle Edition,472,2024,,2025/04/04,2025/07/13,,,read,,,,1,0
227669545,"Espíritu salvaje (Maplewood, #1)",Adriana Criado,"Criado, Adriana",,"=""8410391120""","=""9788410391123""",4.0,Titania,Hardcover,416,2025,,2025/06/12,2025/07/13,,,read,,,,2,0
228505023,"La tentación más oscura (Made, #3)",Danielle Lori,"Lori, Danielle","Alicia Botella Juan, María Brotons","=""""","=""""",0,Crossbooks,Paperback,480,2025,2020,,2025/07/13,to-read,to-read (#34),to-read,,,,0,0
214507008,"El clan (Elena Blanco, #5)",Carmen Mola,"Mola, Carmen",,"=""8408291262""","=""9788408291268""",0,Editorial Planeta,Paperback,455,2024,2024,,2025/07/13,to-read,to-read (#33),to-read,,,,0,0
61277726,"Las madres (Elena Blanco, #4)",Carmen Mola,"Mola, Carmen",,"=""8420456020""","=""9788420456027""",0,Alfaguara,Paperback,464,2022,2022,,2025/07/13,to-read,to-read (#32),to-read,,,,0,0
50273222,"La nena (Elena Blanco, #3)",Carmen Mola,"Mola, Carmen",,"=""8420435988""","=""9788420435985""",0,Alfaguara,Paperback,388,2020,2020,,2025/07/13,to-read,to-read (#31),to-read,,,,0,0
220953074,"Precious Hazard (Perfectly Imperfect, #11)",Neva Altaj,"Altaj, Neva",,"=""""","=""""",0,,Kindle Edition,430,2025,2025,,2025/07/13,to-read,to-read (#30),to-read,,,,0,0
209685893,"Sweet Prison (Perfectly Imperfect, #10)",Neva Altaj,"Altaj, Neva",,"=""""","=""""",0,Neva Altaj,Kindle Edition,378,2024,2024,,2025/07/13,to-read,to-read (#29),to-read,,,,0,0
199599389,"Darkest Sins (Perfectly Imperfect, #9)",Neva Altaj,"Altaj, Neva",,"=""""","=""""",0,Neva Altaj,Kindle Edition,372,2024,2024,,2025/07/13,to-read,to-read (#28),to-read,,,,0,0
227948548,"Wild Card (Rose Hill, #4)",Elsie Silver,"Silver, Elsie",,"=""""","=""""",0,Bloom Books,Paperback,464,2025,2025,,2025/07/13,to-read,to-read (#27),to-read,,,,0,0
235306922,"Finge que me quieres (Rise as One, #1)",Ygritte Berlana,"Berlana, Ygritte",Ygritte B. Starfrost,"=""""","=""""",0,,Kindle Edition,419,2025,,,2025/07/13,to-read,to-read (#26),to-read,,,,0,0
50659471,"A Court of Frost and Starlight (A Court of Thorns and Roses, #4)",Sarah J. Maas,"Maas, Sarah J.",,"=""1635575621""","=""9781635575620""",0,Bloomsbury Publishing,Paperback,272,2020,2018,,2025/07/13,to-read,to-read (#25),to-read,,,,0,0
50659472,"A Court of Wings and Ruin (A Court of Thorns and Roses, #3)",Sarah J. Maas,"Maas, Sarah J.",,"=""1635575605""","=""9781635575606""",0,Bloomsbury Publishing,Paperback,699,2020,2017,,2025/07/13,to-read,to-read (#24),to-read,,,,0,0
53138095,"A ​Court of Silver Flames (A Court of Thorns and Roses, #5)",Sarah J. Maas,"Maas, Sarah J.",,"=""168119628X""","=""9781681196282""",0,Bloomsbury Publishing,Hardcover,757,2021,2021,,2025/07/13,to-read,to-read (#23),to-read,,,,0,0
232241666,"Fair Catch: Un pase al corazón (Rivales, #1)",Kandi Steiner,"Steiner, Kandi",Marta Carrascosa Cano,"=""840830562X""","=""9788408305620""",0,Crossbooks,Paperback,352,2025,2022,,2025/07/13,to-read,to-read (#22),to-read,,,,0,0
222590663,Inquebrantable (Rubí de sangre #2),Raisa Martin Espinosa,"Espinosa, Raisa Martin",,"=""8412979605""","=""9788412979602""",0,Siren Books,Paperback,,2025,2023,,2025/07/13,to-read,to-read (#21),to-read,,,,0,0
214675567,Indómita (Rubí de sangre #1),Raisa Martin Espinosa,"Espinosa, Raisa Martin",,"=""8412854551""","=""9788412854558""",4.0,Siren Books,Paperback,576,2024,,2025/03/14,2025/07/13,,,read,,,,1,0
219144640,"Échale el lazo (Cupido, #3)",Rose Gate,"Gate, Rose",,"=""""","=""""",4.0,,Kindle Edition,605,2024,,,2025/07/13,to-read,to-read (#20),to-read,,,,1,0
236069994,"Tempted by Deception (Deception Trilogy, #2)",Rina Kent,"Kent, Rina",,"=""1685450814""","=""9781685450816""",0,Blackthorn Books,Paperback,,2025,2021,,2025/07/13,to-read,to-read (#19),to-read,,,,0,0
225103126,"Vicious Prince (Royal Elite, #5)",Rina Kent,"Kent, Rina",,"=""1685450571""","=""9781685450571""",0,"Blackthorn Books, LLC",Paperback,302,2025,2020,,2025/07/13,to-read,to-read (#18),to-read,,,,0,0
225104575,"Ruthless Empire (Royal Elite, #6)",Rina Kent,"Kent, Rina",,"=""1685450598""","=""9781685450595""",0,"Blackthorn Books, LLC",Paperback,384,2025,2020,,2025/07/13,to-read,to-read (#17),to-read,,,,0,0
225102263,"Black Knight (Royal Elite, #4)",Rina Kent,"Kent, Rina",,"=""1685450555""","=""9781685450557""",0,"Blackthorn Books, LLC",Paperback,326,2025,2020,,2025/07/13,to-read,to-read (#16),to-read,,,,0,0
225098842,"Steel Princess (Royal Elite, #2)",Rina Kent,"Kent, Rina",,"=""1685450512""","=""9781685450519""",0,"Blackthorn Books, LLC",Paperback,324,2025,2019,,2025/07/13,to-read,to-read (#15),to-read,,,,0,0
225100340,"Twisted Kingdom (Royal Elite, #3)",Rina Kent,"Kent, Rina",,"=""1685450539""","=""9781685450533""",0,"Blackthorn Books, LLC",Paperback,310,2025,2020,,2025/07/13,to-read,to-read (#14),to-read,,,,0,0
225088565,"Deviant King (Royal Elite, #1)",Rina Kent,"Kent, Rina",,"=""1685450504""","=""9781685450502""",0,"Blackthorn Books, LLC",Paperback,362,2025,2019,,2025/07/13,to-read,to-read (#13),to-read,,,,0,0
56897024,"Vow of Deception (Deception Trilogy, #1)",Rina Kent,"Kent, Rina",,"=""""","=""""",0,"Blackthorn Books, LLC",ebook,298,2021,2021,,2025/07/13,to-read,to-read (#12),to-read,,,,0,0
234319647,Sweet Venom (Vipers #2),Rina Kent,"Kent, Rina",,"=""1685451551""","=""9781685451554""",0,"Blackthorn Books, LLC",Kindle Edition,466,2025,2025,,2025/07/13,to-read,to-read (#11),to-read,,,,0,0
221274930,Beautiful Venom (Vipers #1),Rina Kent,"Kent, Rina",,"=""1464246645""","=""9781464246647""",0,Bloom Books,Paperback,496,2025,2025,,2025/07/13,to-read,to-read (#10),to-read,,,,0,0
224108311,"Kiss the Villain (Villain, #1)",Rina Kent,"Kent, Rina",,"=""1685451136""","=""9781685451134""",0,"Blackthorn Books, LLC",Paperback,512,2025,2025,,2025/07/13,to-read,to-read (#9),to-read,,,,0,0
60217777,"Rebel Witch (The Crimson Moth, #2)",Kristen Ciccarelli,"Ciccarelli, Kristen",,"=""""","=""""",0,Wednesday Books,Hardcover,458,2025,2025,,2025/07/13,to-read,to-read (#8),to-read,,,,0,0
231698932,"King of Gluttony (Kings of Sin, #6)",Ana Huang,"Huang, Ana",,"=""""","=""""",0,Piatkus,Kindle Edition,434,2026,2026,,2025/07/13,to-read,to-read (#7),to-read,,,,0,0
222815520,Contigo hasta el final (#Kiss Me #4),Elle Kennedy,"Kennedy, Elle",Lluvia Rojo,"=""841042505X""","=""9788410425057""",0,Wonderbooks,Paperback,384,2025,2016,,2025/07/13,to-read,to-read (#6),to-read,,,,0,0
200338241,"The Dixon Rule (Campus Diaries, #2)",Elle Kennedy,"Kennedy, Elle",,"=""""","=""""",0,EKI,Kindle Edition,498,2024,2024,,2025/07/13,to-read,to-read (#5),to-read,,,,0,0
123255391,"The Graham Effect (Campus Diaries, #1)",Elle Kennedy,"Kennedy, Elle",,"=""1990101186""","=""9781990101182""",0,Elle Kennedy Inc.,Kindle Edition,498,2023,2023,,2025/07/13,to-read,to-read (#4),to-read,,,,0,0
230183874,"Wild Side (Rose Hill, #3)",Elsie Silver,"Silver, Elsie",,"=""0349441669""","=""9780349441665""",0,Piatkus,Kindle Edition,401,2025,2025,,2025/07/13,to-read,to-read (#3),to-read,,,,0,0
209568782,"Wild Eyes (Rose Hill, #2)",Elsie Silver,"Silver, Elsie",,"=""1464220824""","=""9781464220821""",0,Bloom Books,Paperback,464,2024,2024,,2025/07/13,to-read,to-read (#2),to-read,,,,0,0
168199278,"Powerless (Chestnut Springs, #3)",Elsie Silver,"Silver, Elsie",,"=""0349437718""","=""9780349437712""",0,Piatkus,Kindle Edition,496,2023,2023,,2025/07/13,to-read,to-read (#1),to-read,,,,0,0
214298303,"God of Malice (Legacy of Gods, #1)",Rina Kent,"Kent, Rina",,"=""1464238863""","=""9781464238864""",4.0,Bloom Books,Paperback,576,2024,2022,2025/07/13,2025/07/13,,,read,,,,1,0
